2025-12-29T06:36:39.200281+00:00,IFFCO Chowk,28.4726,77.0726,FRC3,30,34,1211,1068,143,0.8823529411764706,1
2025-12-29T06:36:39.200281+00:00,MG Road,28.4795,77.0806,FRC2,31,37,2160,1810,350,0.8378378378378378,1
2025-12-29T06:36:39.200281+00:00,Cyber Hub,28.4947,77.0897,FRC4,52,52,206,206,0,1.0,1
2025-12-29T06:36:39.200281+00:00,Golf Course Rd,28.4503,77.0972,FRC4,27,33,1269,1038,231,0.8181818181818182,0.99391
2025-12-29T06:36:39.200281+00:00,Sohna Road,28.4073,77.046,FRC4,45,50,1832,1649,183,0.9,0.998108
2025-12-29T06:36:39.200281+00:00,NH-48 (Ambience),28.5052,77.097,FRC1,52,58,1399,1254,145,0.896551724137931,1
2025-12-29T06:36:39.200281+00:00,Rajiv Chowk,28.4691,77.0366,FRC4,23,29,1826,1448,378,0.7931034482758621,0.989166
2025-12-29T06:36:39.200281+00:00,Huda City Centre,28.4595,77.0722,FRC4,4,7,126,72,54,0.5714285714285714,0.99
2025-12-29T06:36:39.200281+00:00,Sector 56,28.4244,77.107,FRC2,40,44,1693,1539,154,0.9090909090909091,1
2025-12-29T06:36:39.200281+00:00,Manesar Rd,28.354,76.944,FRC4,17,17,402,402,0,1.0,1
2025-12-29T10:19:02.714481+00:00,IFFCO Chowk,28.4726,77.0726,FRC3,27,34,1345,1068,277,0.7941176470588235,1
2025-12-29T10:19:02.714481+00:00,MG Road,28.4795,77.0806,FRC2,37,37,1810,1810,0,1.0,1
2025-12-29T10:19:02.714481+00:00,Cyber Hub,28.4947,77.0897,FRC4,52,52,206,206,0,1.0,1
2025-12-29T10:19:02.714481+00:00,Golf Course Rd,28.4503,77.0972,FRC4,32,32,1071,1071,0,1.0,1
2025-12-29T10:19:02.714481+00:00,Sohna Road,28.4073,77.046,FRC4,44,50,1874,1649,225,0.88,0.997437
2025-12-29T10:19:02.714481+00:00,NH-48 (Ambience),28.5052,77.097,FRC1,58,58,1254,1254,0,1.0,1
2025-12-29T10:19:02.714481+00:00,Rajiv Chowk,28.4691,77.0366,FRC4,22,29,1909,1448,461,0.7586206896551724,0.993243
2025-12-29T10:19:02.714481+00:00,Huda City Centre,28.4595,77.0722,FRC4,8,8,63,63,0,1.0,1
2025-12-29T10:19:02.714481+00:00,Sector 56,28.4244,77.107,FRC2,38,44,1782,1539,243,0.8636363636363636,1
2025-12-29T10:19:02.714481+00:00,Manesar Rd,28.354,76.944,FRC4,12,16,570,427,143,0.75,0.632352
2026-01-07T06:06:44.711918+00:00,IFFCO Chowk,28.4726,77.0726,FRC3,30,34,1211,1068,143,0.8823529411764706,1
2026-01-07T06:06:44.711918+00:00,MG Road,28.4795,77.0806,FRC2,30,37,2232,1810,422,0.8108108108108109,1
2026-01-07T06:06:44.711918+00:00,Cyber Hub,28.4947,77.0897,FRC4,25,52,429,206,223,0.4807692307692308,1
2026-01-07T06:06:44.711918+00:00,Golf Course Rd,28.4503,77.0972,FRC4,25,33,1371,1038,333,0.7575757575757576,0.998156
2026-01-07T06:06:44.711918+00:00,Sohna Road,28.4073,77.046,FRC4,44,49,1874,1683,191,0.8979591836734694,0.997973
2026-01-07T06:06:44.711918+00:00,NH-48 (Ambience),28.5052,77.097,FRC1,36,57,2021,1276,745,0.631578947368421,1
2026-01-07T06:06:44.711918+00:00,Rajiv Chowk,28.4691,77.0366,FRC4,20,29,2100,1448,652,0.6896551724137931,0.996186
2026-01-07T06:06:44.711918+00:00,Huda City Centre,28.4595,77.0722,FRC4,8,8,63,63,0,1.0,1
2026-01-07T06:06:44.711918+00:00,Sector 56,28.4244,77.107,FRC2,36,44,1881,1539,342,0.8181818181818182,1
2026-01-07T06:06:44.711918+00:00,Manesar Rd,28.354,76.944,FRC4,17,17,402,402,0,1.0,1
2026-01-08T05:11:12.139413+00:00,IFFCO Chowk,28.4726,77.0726,FRC3,27,34,1345,1068,277,0.7941176470588235,1
2026-01-08T05:11:12.139413+00:00,MG Road,28.4795,77.0806,FRC2,29,38,2309,1762,547,0.7631578947368421,1
2026-01-08T05:11:12.139413+00:00,Cyber Hub,28.4947,77.0897,FRC4,13,52,826,206,620,0.25,1
2026-01-08T05:11:12.139413+00:00,Golf Course Rd,28.4503,77.0972,FRC4,27,33,1269,1038,231,0.8181818181818182,0.999114
2026-01-08T05:11:12.139413+00:00,Sohna Road,28.4073,77.046,FRC4,43,50,1918,1649,269,0.86,0.998912
2026-01-08T05:11:12.139413+00:00,NH-48 (Ambience),28.5052,77.097,FRC1,39,57,1865,1276,589,0.6842105263157895,1
2026-01-08T05:11:12.139413+00:00,Rajiv Chowk,28.4691,77.0366,FRC4,20,29,2100,1448,652,0.6896551724137931,0.997824
2026-01-08T05:11:12.139413+00:00,Huda City Centre,28.4595,77.0722,FRC4,4,8,126,63,63,0.5,0.91
2026-01-08T05:11:12.139413+00:00,Sector 56,28.4244,77.107,FRC2,36,44,1881,1539,342,0.8181818181818182,1
2026-01-08T05:11:12.139413+00:00,Manesar Rd,28.354,76.944,FRC4,17,17,402,402,0,1.0,1
2026-01-08T05:21:06.563198+00:00,IFFCO Chowk,28.4726,77.0726,FRC3,28,35,1297,1038,259,0.8,1
2026-01-08T05:21:06.563198+00:00,MG Road,28.4795,77.0806,FRC2,29,37,2309,1810,499,0.7837837837837838,1
2026-01-08T05:21:06.563198+00:00,Cyber Hub,28.4947,77.0897,FRC4,20,51,537,210,327,0.39215686274509803,1
2026-01-08T05:21:06.563198+00:00,Golf Course Rd,28.4503,77.0972,FRC4,27,33,1269,1038,231,0.8181818181818182,0.999114
2026-01-08T05:21:06.563198+00:00,Sohna Road,28.4073,77.046,FRC4,44,50,1874,1649,225,0.88,0.99841
2026-01-08T05:21:06.563198+00:00,NH-48 (Ambience),28.5052,77.097,FRC1,38,57,1914,1276,638,0.6666666666666666,1
2026-01-08T05:21:06.563198+00:00,Rajiv Chowk,28.4691,77.0366,FRC4,19,29,2210,1448,762,0.6551724137931034,0.997719
2026-01-08T05:21:06.563198+00:00,Huda City Centre,28.4595,77.0722,FRC4,4,8,126,63,63,0.5,0.941784
2026-01-08T05:21:06.563198+00:00,Sector 56,28.4244,77.107,FRC2,36,43,1881,1575,306,0.8372093023255814,1
2026-01-08T05:21:06.563198+00:00,Manesar Rd,28.354,76.944,FRC4,17,17,402,402,0,1.0,1
2026-01-08T05:31:15.454856+00:00,IFFCO Chowk,28.4726,77.0726,FRC3,28,34,1297,1068,229,0.8235294117647058,1
2026-01-08T05:31:15.454856+00:00,MG Road,28.4795,77.0806,FRC2,29,37,2309,1810,499,0.7837837837837838,1
2026-01-08T05:31:15.454856+00:00,Cyber Hub,28.4947,77.0897,FRC4,16,53,671,202,469,0.3018867924528302,1
2026-01-08T05:31:15.454856+00:00,Golf Course Rd,28.4503,77.0972,FRC4,25,33,1371,1038,333,0.7575757575757576,0.998782
2026-01-08T05:31:15.454856+00:00,Sohna Road,28.4073,77.046,FRC4,42,50,1963,1649,314,0.84,0.996975
2026-01-08T05:31:15.454856+00:00,NH-48 (Ambience),28.5052,77.097,FRC1,37,57,1966,1276,690,0.6491228070175439,1
2026-01-08T05:31:15.454856+00:00,Rajiv Chowk,28.4691,77.0366,FRC4,19,29,2210,1448,762,0.6551724137931034,0.997255
2026-01-08T05:31:15.454856+00:00,Huda City Centre,28.4595,77.0722,FRC4,2,9,252,56,196,0.2222222222222222,0.98
2026-01-08T05:31:15.454856+00:00,Sector 56,28.4244,77.107,FRC2,38,44,1782,1539,243,0.8636363636363636,1
2026-01-08T05:31:15.454856+00:00,Manesar Rd,28.354,76.944,FRC4,17,17,402,402,0,1.0,1
2026-01-08T05:41:23.946788+00:00,IFFCO Chowk,28.4726,77.0726,FRC3,28,34,1297,1068,229,0.8235294117647058,1
2026-01-08T05:41:23.946788+00:00,MG Road,28.4795,77.0806,FRC2,30,37,2232,1810,422,0.8108108108108109,1
2026-01-08T05:41:23.946788+00:00,Cyber Hub,28.4947,77.0897,FRC4,20,51,537,210,327,0.39215686274509803,1
2026-01-08T05:41:23.946788+00:00,Golf Course Rd,28.4503,77.0972,FRC4,26,33,1318,1038,280,0.7878787878787878,0.999111
2026-01-08T05:41:23.946788+00:00,Sohna Road,28.4073,77.046,FRC4,44,50,1874,1649,225,0.88,0.996837
2026-01-08T05:41:23.946788+00:00,NH-48 (Ambience),28.5052,77.097,FRC1,40,57,1819,1276,543,0.7017543859649122,1
2026-01-08T05:41:23.946788+00:00,Rajiv Chowk,28.4691,77.0366,FRC4,19,29,2210,1448,762,0.6551724137931034,0.985971
2026-01-08T05:41:23.946788+00:00,Huda City Centre,28.4595,77.0722,FRC4,3,9,168,56,112,0.3333333333333333,0.98
2026-01-08T05:41:23.946788+00:00,Sector 56,28.4244,77.107,FRC2,36,44,1881,1539,342,0.8181818181818182,1
2026-01-08T05:41:23.946788+00:00,Manesar Rd,28.354,76.944,FRC4,17,17,402,402,0,1.0,1
2026-01-08T05:51:36.406376+00:00,IFFCO Chowk,28.4726,77.0726,FRC3,27,34,1345,1068,277,0.7941176470588235,1
2026-01-08T05:51:36.406376+00:00,MG Road,28.4795,77.0806,FRC2,30,37,2232,1810,422,0.8108108108108109,1
2026-01-08T05:51:36.406376+00:00,Cyber Hub,28.4947,77.0897,FRC4,30,53,358,202,156,0.5660377358490566,1
2026-01-08T05:51:36.406376+00:00,Golf Course Rd,28.4503,77.0972,FRC4,27,33,1269,1038,231,0.8181818181818182,0.999111
2026-01-08T05:51:36.406376+00:00,Sohna Road,28.4073,77.046,FRC4,45,50,1832,1649,183,0.9,0.997263
2026-01-08T05:51:36.406376+00:00,NH-48 (Ambience),28.5052,77.097,FRC1,42,58,1732,1254,478,0.7241379310344828,1
2026-01-08T05:51:36.406376+00:00,Rajiv Chowk,28.4691,77.0366,FRC4,20,29,2100,1448,652,0.6896551724137931,0.988286
2026-01-08T05:51:36.406376+00:00,Huda City Centre,28.4595,77.0722,FRC4,3,8,168,63,105,0.375,0.99
2026-01-08T05:51:36.406376+00:00,Sector 56,28.4244,77.107,FRC2,35,44,1935,1539,396,0.7954545454545454,1
2026-01-08T05:51:36.406376+00:00,Manesar Rd,28.354,76.944,FRC4,17,17,402,402,0,1.0,1
2026-01-08T05:55:57.826026+00:00,2026-01-08 11:25:57,IFFCO Chowk,28.4726,77.0726,FRC3,27,34,1345,1068,277,0.7941176470588235,1
2026-01-08T05:55:57.826026+00:00,2026-01-08 11:25:57,MG Road,28.4795,77.0806,FRC2,27,37,2481,1810,671,0.7297297297297297,1
2026-01-08T05:55:57.826026+00:00,2026-01-08 11:25:57,Cyber Hub,28.4947,77.0897,FRC4,28,51,383,210,173,0.5490196078431373,1
2026-01-08T05:55:57.826026+00:00,2026-01-08 11:25:57,Golf Course Rd,28.4503,77.0972,FRC4,25,32,1371,1071,300,0.78125,0.998564
2026-01-08T05:55:57.826026+00:00,2026-01-08 11:25:57,Sohna Road,28.4073,77.046,FRC4,44,50,1874,1649,225,0.88,0.99723
2026-01-08T05:55:57.826026+00:00,2026-01-08 11:25:57,NH-48 (Ambience),28.5052,77.097,FRC1,43,58,1692,1254,438,0.7413793103448276,1
2026-01-08T05:55:57.826026+00:00,2026-01-08 11:25:57,Rajiv Chowk,28.4691,77.0366,FRC4,20,29,2100,1448,652,0.6896551724137931,0.986116
2026-01-08T05:55:57.826026+00:00,2026-01-08 11:25:57,Huda City Centre,28.4595,77.0722,FRC4,3,6,168,84,84,0.5,0.99
2026-01-08T05:55:57.826026+00:00,2026-01-08 11:25:57,Sector 56,28.4244,77.107,FRC2,37,44,1830,1539,291,0.8409090909090909,1
2026-01-08T05:55:57.826026+00:00,2026-01-08 11:25:57,Manesar Rd,28.354,76.944,FRC4,17,17,402,402,0,1.0,1
2026-01-08T06:06:07.004658+00:00,2026-01-08 11:36:07,IFFCO Chowk,28.4726,77.0726,FRC3,27,34,1345,1068,277,0.7941176470588235,1
2026-01-08T06:06:07.004658+00:00,2026-01-08 11:36:07,MG Road,28.4795,77.0806,FRC2,29,37,2309,1810,499,0.7837837837837838,1
2026-01-08T06:06:07.004658+00:00,2026-01-08 11:36:07,Cyber Hub,28.4947,77.0897,FRC4,31,54,346,198,148,0.5740740740740741,1
2026-01-08T06:06:07.004658+00:00,2026-01-08 11:36:07,Golf Course Rd,28.4503,77.0972,FRC4,27,33,1269,1038,231,0.8181818181818182,1
2026-01-08T06:06:07.004658+00:00,2026-01-08 11:36:07,Sohna Road,28.4073,77.046,FRC4,44,49,1874,1683,191,0.8979591836734694,0.997881
2026-01-08T06:06:07.004658+00:00,2026-01-08 11:36:07,NH-48 (Ambience),28.5052,77.097,FRC1,43,57,1692,1276,416,0.7543859649122807,1
2026-01-08T06:06:07.004658+00:00,2026-01-08 11:36:07,Rajiv Chowk,28.4691,77.0366,FRC4,21,29,2000,1448,552,0.7241379310344828,0.982106
2026-01-08T06:06:07.004658+00:00,2026-01-08 11:36:07,Huda City Centre,28.4595,77.0722,FRC4,3,8,168,63,105,0.375,0.98
2026-01-08T06:06:07.004658+00:00,2026-01-08 11:36:07,Sector 56,28.4244,77.107,FRC2,37,43,1830,1575,255,0.8604651162790697,1
2026-01-08T06:06:07.004658+00:00,2026-01-08 11:36:07,Manesar Rd,28.354,76.944,FRC4,17,17,402,402,0,1.0,1
2026-01-08T06:16:15.503350+00:00,2026-01-08 11:46:15,IFFCO Chowk,28.4726,77.0726,FRC3,30,35,1211,1038,173,0.8571428571428571,1
2026-01-08T06:16:15.503350+00:00,2026-01-08 11:46:15,MG Road,28.4795,77.0806,FRC2,31,37,2160,1810,350,0.8378378378378378,1
2026-01-08T06:16:15.503350+00:00,2026-01-08 11:46:15,Cyber Hub,28.4947,77.0897,FRC4,27,53,397,202,195,0.5094339622641509,1
2026-01-08T06:16:15.503350+00:00,2026-01-08 11:46:15,Golf Course Rd,28.4503,77.0972,FRC4,26,33,1318,1038,280,0.7878787878787878,1
2026-01-08T06:16:15.503350+00:00,2026-01-08 11:46:15,Sohna Road,28.4073,77.046,FRC4,44,50,1874,1649,225,0.88,0.997633
2026-01-08T06:16:15.503350+00:00,2026-01-08 11:46:15,NH-48 (Ambience),28.5052,77.097,FRC1,46,58,1581,1254,327,0.7931034482758621,1
2026-01-08T06:16:15.503350+00:00,2026-01-08 11:46:15,Rajiv Chowk,28.4691,77.0366,FRC4,20,29,2100,1448,652,0.6896551724137931,0.990875
2026-01-08T06:16:15.503350+00:00,2026-01-08 11:46:15,Huda City Centre,28.4595,77.0722,FRC4,3,8,168,63,105,0.375,0.98
2026-01-08T06:16:15.503350+00:00,2026-01-08 11:46:15,Sector 56,28.4244,77.107,FRC2,37,44,1830,1539,291,0.8409090909090909,1
2026-01-08T06:16:15.503350+00:00,2026-01-08 11:46:15,Manesar Rd,28.354,76.944,FRC4,17,17,402,402,0,1.0,1
2026-01-08T06:26:24.151279+00:00,2026-01-08 11:56:24,IFFCO Chowk,28.4726,77.0726,FRC3,29,34,1253,1068,185,0.8529411764705882,1
2026-01-08T06:26:24.151279+00:00,2026-01-08 11:56:24,MG Road,28.4795,77.0806,FRC2,30,37,2232,1810,422,0.8108108108108109,1
2026-01-08T06:26:24.151279+00:00,2026-01-08 11:56:24,Cyber Hub,28.4947,77.0897,FRC4,30,51,358,210,148,0.5882352941176471,1
2026-01-08T06:26:24.151279+00:00,2026-01-08 11:56:24,Golf Course Rd,28.4503,77.0972,FRC4,27,33,1269,1038,231,0.8181818181818182,0.999364
2026-01-08T06:26:24.151279+00:00,2026-01-08 11:56:24,Sohna Road,28.4073,77.046,FRC4,43,50,1918,1649,269,0.86,0.998111
2026-01-08T06:26:24.151279+00:00,2026-01-08 11:56:24,NH-48 (Ambience),28.5052,77.097,FRC1,45,57,1617,1276,341,0.7894736842105263,1
2026-01-08T06:26:24.151279+00:00,2026-01-08 11:56:24,Rajiv Chowk,28.4691,77.0366,FRC4,19,29,2210,1448,762,0.6551724137931034,0.992807
2026-01-08T06:26:24.151279+00:00,2026-01-08 11:56:24,Huda City Centre,28.4595,77.0722,FRC4,2,7,252,72,180,0.2857142857142857,0.98
2026-01-08T06:26:24.151279+00:00,2026-01-08 11:56:24,Sector 56,28.4244,77.107,FRC2,37,43,1830,1575,255,0.8604651162790697,1
2026-01-08T06:26:24.151279+00:00,2026-01-08 11:56:24,Manesar Rd,28.354,76.944,FRC4,17,17,402,402,0,1.0,1
2026-01-08T06:36:33.373055+00:00,2026-01-08 12:06:33,IFFCO Chowk,28.4726,77.0726,FRC3,29,35,1253,1038,215,0.8285714285714286,1
2026-01-08T06:36:33.373055+00:00,2026-01-08 12:06:33,MG Road,28.4795,77.0806,FRC2,30,37,2232,1810,422,0.8108108108108109,1
2026-01-08T06:36:33.373055+00:00,2026-01-08 12:06:33,Cyber Hub,28.4947,77.0897,FRC4,36,51,298,210,88,0.7058823529411765,1
2026-01-08T06:36:33.373055+00:00,2026-01-08 12:06:33,Golf Course Rd,28.4503,77.0972,FRC4,29,33,1182,1038,144,0.8787878787878788,0.998271
2026-01-08T06:36:33.373055+00:00,2026-01-08 12:06:33,Sohna Road,28.4073,77.046,FRC4,44,50,1874,1649,225,0.88,0.996286
2026-01-08T06:36:33.373055+00:00,2026-01-08 12:06:33,NH-48 (Ambience),28.5052,77.097,FRC1,45,58,1617,1254,363,0.7758620689655172,1
2026-01-08T06:36:33.373055+00:00,2026-01-08 12:06:33,Rajiv Chowk,28.4691,77.0366,FRC4,19,29,2210,1448,762,0.6551724137931034,0.99585
2026-01-08T06:36:33.373055+00:00,2026-01-08 12:06:33,Huda City Centre,28.4595,77.0722,FRC4,3,8,168,63,105,0.375,0.98
2026-01-08T06:36:33.373055+00:00,2026-01-08 12:06:33,Sector 56,28.4244,77.107,FRC2,38,44,1782,1539,243,0.8636363636363636,1
2026-01-08T06:36:33.373055+00:00,2026-01-08 12:06:33,Manesar Rd,28.354,76.944,FRC4,17,17,402,402,0,1.0,1
2026-01-08T06:46:42.260157+00:00,2026-01-08 12:16:42,IFFCO Chowk,28.4726,77.0726,FRC3,28,34,1297,1068,229,0.8235294117647058,1
2026-01-08T06:46:42.260157+00:00,2026-01-08 12:16:42,MG Road,28.4795,77.0806,FRC2,30,37,2232,1810,422,0.8108108108108109,1
2026-01-08T06:46:42.260157+00:00,2026-01-08 12:16:42,Cyber Hub,28.4947,77.0897,FRC4,43,52,249,206,43,0.8269230769230769,1
2026-01-08T06:46:42.260157+00:00,2026-01-08 12:16:42,Golf Course Rd,28.4503,77.0972,FRC4,27,33,1269,1038,231,0.8181818181818182,0.997564
2026-01-08T06:46:42.260157+00:00,2026-01-08 12:16:42,Sohna Road,28.4073,77.046,FRC4,44,50,1874,1649,225,0.88,0.996924
2026-01-08T06:46:42.260157+00:00,2026-01-08 12:16:42,NH-48 (Ambience),28.5052,77.097,FRC1,46,57,1581,1276,305,0.8070175438596491,1
2026-01-08T06:46:42.260157+00:00,2026-01-08 12:16:42,Rajiv Chowk,28.4691,77.0366,FRC4,18,29,2333,1448,885,0.6206896551724138,0.992437
2026-01-08T06:46:42.260157+00:00,2026-01-08 12:16:42,Huda City Centre,28.4595,77.0722,FRC4,8,8,63,63,0,1.0,1
2026-01-08T06:46:42.260157+00:00,2026-01-08 12:16:42,Sector 56,28.4244,77.107,FRC2,38,44,1782,1539,243,0.8636363636363636,1
2026-01-08T06:46:42.260157+00:00,2026-01-08 12:16:42,Manesar Rd,28.354,76.944,FRC4,17,17,402,402,0,1.0,1
2026-01-08T06:56:50.917021+00:00,2026-01-08 12:26:50,IFFCO Chowk,28.4726,77.0726,FRC3,28,35,1297,1038,259,0.8,1
2026-01-08T06:56:50.917021+00:00,2026-01-08 12:26:50,MG Road,28.4795,77.0806,FRC2,30,37,2232,1810,422,0.8108108108108109,1
2026-01-08T06:56:50.917021+00:00,2026-01-08 12:26:50,Cyber Hub,28.4947,77.0897,FRC4,39,52,275,206,69,0.75,1
2026-01-08T06:56:50.917021+00:00,2026-01-08 12:26:50,Golf Course Rd,28.4503,77.0972,FRC4,27,33,1269,1038,231,0.8181818181818182,0.998156
2026-01-08T06:56:50.917021+00:00,2026-01-08 12:26:50,Sohna Road,28.4073,77.046,FRC4,44,50,1874,1649,225,0.88,0.998511
2026-01-08T06:56:50.917021+00:00,2026-01-08 12:26:50,NH-48 (Ambience),28.5052,77.097,FRC1,45,57,1617,1276,341,0.7894736842105263,1
2026-01-08T06:56:50.917021+00:00,2026-01-08 12:26:50,Rajiv Chowk,28.4691,77.0366,FRC4,19,29,2210,1448,762,0.6551724137931034,0.994143
2026-01-08T06:56:50.917021+00:00,2026-01-08 12:26:50,Huda City Centre,28.4595,77.0722,FRC4,4,8,126,63,63,0.5,0.98
2026-01-08T06:56:50.917021+00:00,2026-01-08 12:26:50,Sector 56,28.4244,77.107,FRC2,36,43,1881,1575,306,0.8372093023255814,1
2026-01-08T06:56:50.917021+00:00,2026-01-08 12:26:50,Manesar Rd,28.354,76.944,FRC4,17,17,402,402,0,1.0,1
2026-01-08T07:06:59.481998+00:00,2026-01-08 12:36:59,IFFCO Chowk,28.4726,77.0726,FRC3,29,35,1253,1038,215,0.8285714285714286,1
2026-01-08T07:06:59.481998+00:00,2026-01-08 12:36:59,MG Road,28.4795,77.0806,FRC2,32,37,2093,1810,283,0.8648648648648649,1
2026-01-08T07:06:59.481998+00:00,2026-01-08 12:36:59,Cyber Hub,28.4947,77.0897,FRC4,52,52,206,206,0,1.0,1
2026-01-08T07:06:59.481998+00:00,2026-01-08 12:36:59,Golf Course Rd,28.4503,77.0972,FRC4,27,33,1269,1038,231,0.8181818181818182,0.998156
2026-01-08T07:06:59.481998+00:00,2026-01-08 12:36:59,Sohna Road,28.4073,77.046,FRC4,45,50,1832,1649,183,0.9,0.997976
2026-01-08T07:06:59.481998+00:00,2026-01-08 12:36:59,NH-48 (Ambience),28.5052,77.097,FRC1,46,58,1581,1254,327,0.7931034482758621,1
2026-01-08T07:06:59.481998+00:00,2026-01-08 12:36:59,Rajiv Chowk,28.4691,77.0366,FRC4,19,28,2210,1500,710,0.6785714285714286,0.993084
2026-01-08T07:06:59.481998+00:00,2026-01-08 12:36:59,Huda City Centre,28.4595,77.0722,FRC4,4,7,126,72,54,0.5714285714285714,0.98
2026-01-08T07:06:59.481998+00:00,2026-01-08 12:36:59,Sector 56,28.4244,77.107,FRC2,38,44,1782,1539,243,0.8636363636363636,1
2026-01-08T07:06:59.481998+00:00,2026-01-08 12:36:59,Manesar Rd,28.354,76.944,FRC4,17,17,402,402,0,1.0,1
2026-01-08T07:17:08.355337+00:00,2026-01-08 12:47:08,IFFCO Chowk,28.4726,77.0726,FRC3,30,34,1211,1068,143,0.8823529411764706,1
2026-01-08T07:17:08.355337+00:00,2026-01-08 12:47:08,MG Road,28.4795,77.0806,FRC2,30,37,2232,1810,422,0.8108108108108109,1
2026-01-08T07:17:08.355337+00:00,2026-01-08 12:47:08,Cyber Hub,28.4947,77.0897,FRC4,52,52,206,206,0,1.0,1
2026-01-08T07:17:08.355337+00:00,2026-01-08 12:47:08,Golf Course Rd,28.4503,77.0972,FRC4,26,33,1318,1038,280,0.7878787878787878,0.994812
2026-01-08T07:17:08.355337+00:00,2026-01-08 12:47:08,Sohna Road,28.4073,77.046,FRC4,44,50,1874,1649,225,0.88,0.997785
2026-01-08T07:17:08.355337+00:00,2026-01-08 12:47:08,NH-48 (Ambience),28.5052,77.097,FRC1,50,57,1455,1276,179,0.8771929824561403,1
2026-01-08T07:17:08.355337+00:00,2026-01-08 12:47:08,Rajiv Chowk,28.4691,77.0366,FRC4,20,29,2100,1448,652,0.6896551724137931,0.983646
2026-01-08T07:17:08.355337+00:00,2026-01-08 12:47:08,Huda City Centre,28.4595,77.0722,FRC4,8,8,63,63,0,1.0,1
2026-01-08T07:17:08.355337+00:00,2026-01-08 12:47:08,Sector 56,28.4244,77.107,FRC2,37,44,1830,1539,291,0.8409090909090909,1
2026-01-08T07:17:08.355337+00:00,2026-01-08 12:47:08,Manesar Rd,28.354,76.944,FRC4,17,17,402,402,0,1.0,1
2026-01-08T07:55:50.851824+00:00,2026-01-08 13:25:50,IFFCO Chowk,28.4726,77.0726,FRC3,29,34,1253,1068,185,0.8529411764705882,1
2026-01-08T07:55:50.851824+00:00,2026-01-08 13:25:50,MG Road,28.4795,77.0806,FRC2,30,37,2232,1810,422,0.8108108108108109,1
2026-01-08T07:55:50.851824+00:00,2026-01-08 13:25:50,Cyber Hub,28.4947,77.0897,FRC4,52,52,206,206,0,1.0,1
2026-01-08T07:55:50.851824+00:00,2026-01-08 13:25:50,Golf Course Rd,28.4503,77.0972,FRC4,28,33,1224,1038,186,0.8484848484848485,1
2026-01-08T07:55:50.851824+00:00,2026-01-08 13:25:50,Sohna Road,28.4073,77.046,FRC4,45,50,1832,1649,183,0.9,0.994665
2026-01-08T07:55:50.851824+00:00,2026-01-08 13:25:50,NH-48 (Ambience),28.5052,77.097,FRC1,58,58,1254,1254,0,1.0,1
2026-01-08T07:55:50.851824+00:00,2026-01-08 13:25:50,Rajiv Chowk,28.4691,77.0366,FRC4,20,29,2100,1448,652,0.6896551724137931,0.985029
2026-01-08T07:55:50.851824+00:00,2026-01-08 13:25:50,Huda City Centre,28.4595,77.0722,FRC4,5,8,100,63,37,0.625,0.98
2026-01-08T07:55:50.851824+00:00,2026-01-08 13:25:50,Sector 56,28.4244,77.107,FRC2,36,44,1881,1539,342,0.8181818181818182,1
2026-01-08T07:55:50.851824+00:00,2026-01-08 13:25:50,Manesar Rd,28.354,76.944,FRC4,17,17,402,402,0,1.0,1
2026-01-08T08:39:50.059892+00:00,2026-01-08 14:09:50,IFFCO Chowk,28.4726,77.0726,FRC3,31,34,1172,1068,104,0.9117647058823529,1
2026-01-08T08:39:50.059892+00:00,2026-01-08 14:09:50,MG Road,28.4795,77.0806,FRC2,29,37,2309,1810,499,0.7837837837837838,1
2026-01-08T08:39:50.059892+00:00,2026-01-08 14:09:50,Cyber Hub,28.4947,77.0897,FRC4,52,52,206,206,0,1.0,1
2026-01-08T08:39:50.059892+00:00,2026-01-08 14:09:50,Golf Course Rd,28.4503,77.0972,FRC4,28,32,1224,1071,153,0.875,0.997281
2026-01-08T08:39:50.059892+00:00,2026-01-08 14:09:50,Sohna Road,28.4073,77.046,FRC4,44,50,1874,1649,225,0.88,0.997829
2026-01-08T08:39:50.059892+00:00,2026-01-08 14:09:50,NH-48 (Ambience),28.5052,77.097,FRC1,58,58,1254,1254,0,1.0,1
2026-01-08T08:39:50.059892+00:00,2026-01-08 14:09:50,Rajiv Chowk,28.4691,77.0366,FRC4,22,29,1909,1448,461,0.7586206896551724,0.997187
2026-01-08T08:39:50.059892+00:00,2026-01-08 14:09:50,Huda City Centre,28.4595,77.0722,FRC4,8,8,63,63,0,1.0,1
2026-01-08T08:39:50.059892+00:00,2026-01-08 14:09:50,Sector 56,28.4244,77.107,FRC2,38,44,1782,1539,243,0.8636363636363636,1
2026-01-08T08:39:50.059892+00:00,2026-01-08 14:09:50,Manesar Rd,28.354,76.944,FRC4,14,17,488,402,86,0.8235294117647058,0.636896
2026-01-08T08:49:59.634869+00:00,2026-01-08 14:19:59,IFFCO Chowk,28.4726,77.0726,FRC3,29,34,1253,1068,185,0.8529411764705882,1
2026-01-08T08:49:59.634869+00:00,2026-01-08 14:19:59,MG Road,28.4795,77.0806,FRC2,29,37,2309,1810,499,0.7837837837837838,1
2026-01-08T08:49:59.634869+00:00,2026-01-08 14:19:59,Cyber Hub,28.4947,77.0897,FRC4,52,52,206,206,0,1.0,1
2026-01-08T08:49:59.634869+00:00,2026-01-08 14:19:59,Golf Course Rd,28.4503,77.0972,FRC4,26,32,1318,1071,247,0.8125,1
2026-01-08T08:49:59.634869+00:00,2026-01-08 14:19:59,Sohna Road,28.4073,77.046,FRC4,45,50,1832,1649,183,0.9,0.998101
2026-01-08T08:49:59.634869+00:00,2026-01-08 14:19:59,NH-48 (Ambience),28.5052,77.097,FRC1,52,58,1399,1254,145,0.896551724137931,1
2026-01-08T08:49:59.634869+00:00,2026-01-08 14:19:59,Rajiv Chowk,28.4691,77.0366,FRC4,21,29,2000,1448,552,0.7241379310344828,0.997218
2026-01-08T08:49:59.634869+00:00,2026-01-08 14:19:59,Huda City Centre,28.4595,77.0722,FRC4,8,8,63,63,0,1.0,1
2026-01-08T08:49:59.634869+00:00,2026-01-08 14:19:59,Sector 56,28.4244,77.107,FRC2,37,44,1830,1539,291,0.8409090909090909,1
2026-01-08T08:49:59.634869+00:00,2026-01-08 14:19:59,Manesar Rd,28.354,76.944,FRC4,14,17,488,402,86,0.8235294117647058,0.610975
2026-01-08T09:00:09.482630+00:00,2026-01-08 14:30:09,IFFCO Chowk,28.4726,77.0726,FRC3,29,34,1253,1068,185,0.8529411764705882,1
2026-01-08T09:00:09.482630+00:00,2026-01-08 14:30:09,MG Road,28.4795,77.0806,FRC2,31,37,2160,1810,350,0.8378378378378378,1
2026-01-08T09:00:09.482630+00:00,2026-01-08 14:30:09,Cyber Hub,28.4947,77.0897,FRC4,52,52,206,206,0,1.0,1
2026-01-08T09:00:09.482630+00:00,2026-01-08 14:30:09,Golf Course Rd,28.4503,77.0972,FRC4,28,33,1224,1038,186,0.8484848484848485,0.998271
2026-01-08T09:00:09.482630+00:00,2026-01-08 14:30:09,Sohna Road,28.4073,77.046,FRC4,46,50,1793,1649,144,0.92,0.998143
2026-01-08T09:00:09.482630+00:00,2026-01-08 14:30:09,NH-48 (Ambience),28.5052,77.097,FRC1,49,57,1485,1276,209,0.8596491228070176,1
2026-01-08T09:00:09.482630+00:00,2026-01-08 14:30:09,Rajiv Chowk,28.4691,77.0366,FRC4,21,29,2000,1448,552,0.7241379310344828,0.997815
2026-01-08T09:00:09.482630+00:00,2026-01-08 14:30:09,Huda City Centre,28.4595,77.0722,FRC4,8,8,63,63,0,1.0,1
2026-01-08T09:00:09.482630+00:00,2026-01-08 14:30:09,Sector 56,28.4244,77.107,FRC2,36,43,1881,1575,306,0.8372093023255814,1
2026-01-08T09:00:09.482630+00:00,2026-01-08 14:30:09,Manesar Rd,28.354,76.944,FRC4,14,16,488,427,61,0.875,0.612617
2026-01-08T09:10:18.937954+00:00,2026-01-08 14:40:18,IFFCO Chowk,28.4726,77.0726,FRC3,30,35,1211,1038,173,0.8571428571428571,1
2026-01-08T09:10:18.937954+00:00,2026-01-08 14:40:18,MG Road,28.4795,77.0806,FRC2,32,37,2093,1810,283,0.8648648648648649,1
2026-01-08T09:10:18.937954+00:00,2026-01-08 14:40:18,Cyber Hub,28.4947,77.0897,FRC4,41,51,261,210,51,0.803921568627451,1
2026-01-08T09:10:18.937954+00:00,2026-01-08 14:40:18,Golf Course Rd,28.4503,77.0972,FRC4,32,32,1071,1071,0,1.0,1
2026-01-08T09:10:18.937954+00:00,2026-01-08 14:40:18,Sohna Road,28.4073,77.046,FRC4,45,50,1832,1649,183,0.9,0.9989
2026-01-08T09:10:18.937954+00:00,2026-01-08 14:40:18,NH-48 (Ambience),28.5052,77.097,FRC1,50,57,1455,1276,179,0.8771929824561403,1
2026-01-08T09:10:18.937954+00:00,2026-01-08 14:40:18,Rajiv Chowk,28.4691,77.0366,FRC4,20,29,2100,1448,652,0.6896551724137931,0.996239
2026-01-08T09:10:18.937954+00:00,2026-01-08 14:40:18,Huda City Centre,28.4595,77.0722,FRC4,8,8,63,63,0,1.0,1
2026-01-08T09:10:18.937954+00:00,2026-01-08 14:40:18,Sector 56,28.4244,77.107,FRC2,37,44,1830,1539,291,0.8409090909090909,1
2026-01-08T09:10:18.937954+00:00,2026-01-08 14:40:18,Manesar Rd,28.354,76.944,FRC4,17,17,402,402,0,1.0,1
2026-01-08T09:20:28.270686+00:00,2026-01-08 14:50:28,IFFCO Chowk,28.4726,77.0726,FRC3,33,33,1101,1101,0,1.0,1
2026-01-08T09:20:28.270686+00:00,2026-01-08 14:50:28,MG Road,28.4795,77.0806,FRC2,30,37,2232,1810,422,0.8108108108108109,1
2026-01-08T09:20:28.270686+00:00,2026-01-08 14:50:28,Cyber Hub,28.4947,77.0897,FRC4,40,52,268,206,62,0.7692307692307693,1
2026-01-08T09:20:28.270686+00:00,2026-01-08 14:50:28,Golf Course Rd,28.4503,77.0972,FRC4,27,33,1269,1038,231,0.8181818181818182,1
2026-01-08T09:20:28.270686+00:00,2026-01-08 14:50:28,Sohna Road,28.4073,77.046,FRC4,45,50,1832,1649,183,0.9,0.998352
2026-01-08T09:20:28.270686+00:00,2026-01-08 14:50:28,NH-48 (Ambience),28.5052,77.097,FRC1,48,57,1515,1276,239,0.8421052631578947,1
2026-01-08T09:20:28.270686+00:00,2026-01-08 14:50:28,Rajiv Chowk,28.4691,77.0366,FRC4,19,29,2210,1448,762,0.6551724137931034,0.995115
2026-01-08T09:20:28.270686+00:00,2026-01-08 14:50:28,Huda City Centre,28.4595,77.0722,FRC4,8,8,63,63,0,1.0,1
2026-01-08T09:20:28.270686+00:00,2026-01-08 14:50:28,Sector 56,28.4244,77.107,FRC2,37,44,1830,1539,291,0.8409090909090909,1
2026-01-08T09:20:28.270686+00:00,2026-01-08 14:50:28,Manesar Rd,28.354,76.944,FRC4,13,16,526,427,99,0.8125,0.628223
2026-01-08T09:30:36.495694+00:00,2026-01-08 15:00:36,IFFCO Chowk,28.4726,77.0726,FRC3,30,34,1211,1068,143,0.8823529411764706,1
2026-01-08T09:30:36.495694+00:00,2026-01-08 15:00:36,MG Road,28.4795,77.0806,FRC2,30,37,2232,1810,422,0.8108108108108109,1
2026-01-08T09:30:36.495694+00:00,2026-01-08 15:00:36,Cyber Hub,28.4947,77.0897,FRC4,52,52,206,206,0,1.0,1
2026-01-08T09:30:36.495694+00:00,2026-01-08 15:00:36,Golf Course Rd,28.4503,77.0972,FRC4,27,33,1269,1038,231,0.8181818181818182,0.998156
2026-01-08T09:30:36.495694+00:00,2026-01-08 15:00:36,Sohna Road,28.4073,77.046,FRC4,44,49,1874,1683,191,0.8979591836734694,0.998384
2026-01-08T09:30:36.495694+00:00,2026-01-08 15:00:36,NH-48 (Ambience),28.5052,77.097,FRC1,49,57,1485,1276,209,0.8596491228070176,1
2026-01-08T09:30:36.495694+00:00,2026-01-08 15:00:36,Rajiv Chowk,28.4691,77.0366,FRC4,18,29,2333,1448,885,0.6206896551724138,0.993159
2026-01-08T09:30:36.495694+00:00,2026-01-08 15:00:36,Huda City Centre,28.4595,77.0722,FRC4,8,8,63,63,0,1.0,1
2026-01-08T09:30:36.495694+00:00,2026-01-08 15:00:36,Sector 56,28.4244,77.107,FRC2,37,44,1830,1539,291,0.8409090909090909,1
2026-01-08T09:30:36.495694+00:00,2026-01-08 15:00:36,Manesar Rd,28.354,76.944,FRC4,13,17,526,402,124,0.7647058823529411,0.579572
2026-01-08T09:40:45.109503+00:00,2026-01-08 15:10:45,IFFCO Chowk,28.4726,77.0726,FRC3,30,34,1211,1068,143,0.8823529411764706,1
2026-01-08T09:40:45.109503+00:00,2026-01-08 15:10:45,MG Road,28.4795,77.0806,FRC2,31,37,2160,1810,350,0.8378378378378378,1
2026-01-08T09:40:45.109503+00:00,2026-01-08 15:10:45,Cyber Hub,28.4947,77.0897,FRC4,52,52,206,206,0,1.0,1
2026-01-08T09:40:45.109503+00:00,2026-01-08 15:10:45,Golf Course Rd,28.4503,77.0972,FRC4,28,32,1224,1071,153,0.875,0.99682
2026-01-08T09:40:45.109503+00:00,2026-01-08 15:10:45,Sohna Road,28.4073,77.046,FRC4,46,50,1793,1649,144,0.92,0.999547
2026-01-08T09:40:45.109503+00:00,2026-01-08 15:10:45,NH-48 (Ambience),28.5052,77.097,FRC1,51,57,1426,1276,150,0.8947368421052632,1
2026-01-08T09:40:45.109503+00:00,2026-01-08 15:10:45,Rajiv Chowk,28.4691,77.0366,FRC4,20,29,2100,1448,652,0.6896551724137931,0.994408
2026-01-08T09:40:45.109503+00:00,2026-01-08 15:10:45,Huda City Centre,28.4595,77.0722,FRC4,8,8,63,63,0,1.0,1
2026-01-08T09:40:45.109503+00:00,2026-01-08 15:10:45,Sector 56,28.4244,77.107,FRC2,38,44,1782,1539,243,0.8636363636363636,1
2026-01-08T09:40:45.109503+00:00,2026-01-08 15:10:45,Manesar Rd,28.354,76.944,FRC4,13,16,526,427,99,0.8125,0.578523
2026-01-08T09:54:35.328057+00:00,2026-01-08 15:24:35,IFFCO Chowk,28.4726,77.0726,FRC3,33,33,1101,1101,0,1.0,1
2026-01-08T09:54:35.328057+00:00,2026-01-08 15:24:35,MG Road,28.4795,77.0806,FRC2,32,37,2093,1810,283,0.8648648648648649,1
2026-01-08T09:54:35.328057+00:00,2026-01-08 15:24:35,Cyber Hub,28.4947,77.0897,FRC4,52,52,206,206,0,1.0,1
2026-01-08T09:54:35.328057+00:00,2026-01-08 15:24:35,Golf Course Rd,28.4503,77.0972,FRC4,28,33,1224,1038,186,0.8484848484848485,0.998271
2026-01-08T09:54:35.328057+00:00,2026-01-08 15:24:35,Sohna Road,28.4073,77.046,FRC4,45,50,1832,1649,183,0.9,0.999428
2026-01-08T09:54:35.328057+00:00,2026-01-08 15:24:35,NH-48 (Ambience),28.5052,77.097,FRC1,48,57,1515,1276,239,0.8421052631578947,1
2026-01-08T09:54:35.328057+00:00,2026-01-08 15:24:35,Rajiv Chowk,28.4691,77.0366,FRC4,18,29,2333,1448,885,0.6206896551724138,0.997833
2026-01-08T09:54:35.328057+00:00,2026-01-08 15:24:35,Huda City Centre,28.4595,77.0722,FRC4,8,8,63,63,0,1.0,1
2026-01-08T09:54:35.328057+00:00,2026-01-08 15:24:35,Sector 56,28.4244,77.107,FRC2,37,44,1830,1539,291,0.8409090909090909,1
2026-01-08T09:54:35.328057+00:00,2026-01-08 15:24:35,Manesar Rd,28.354,76.944,FRC4,13,16,526,427,99,0.8125,0.729496
2026-01-08T10:04:43.863607+00:00,2026-01-08 15:34:43,IFFCO Chowk,28.4726,77.0726,FRC3,33,33,1101,1101,0,1.0,1
2026-01-08T10:04:43.863607+00:00,2026-01-08 15:34:43,MG Road,28.4795,77.0806,FRC2,31,37,2160,1810,350,0.8378378378378378,1
2026-01-08T10:04:43.863607+00:00,2026-01-08 15:34:43,Cyber Hub,28.4947,77.0897,FRC4,52,52,206,206,0,1.0,1
2026-01-08T10:04:43.863607+00:00,2026-01-08 15:34:43,Golf Course Rd,28.4503,77.0972,FRC4,26,33,1318,1038,280,0.7878787878787878,1
2026-01-08T10:04:43.863607+00:00,2026-01-08 15:34:43,Sohna Road,28.4073,77.046,FRC4,45,50,1832,1649,183,0.9,0.997748
2026-01-08T10:04:43.863607+00:00,2026-01-08 15:34:43,NH-48 (Ambience),28.5052,77.097,FRC1,48,57,1515,1276,239,0.8421052631578947,1
2026-01-08T10:04:43.863607+00:00,2026-01-08 15:34:43,Rajiv Chowk,28.4691,77.0366,FRC4,19,29,2210,1448,762,0.6551724137931034,0.997348
2026-01-08T10:04:43.863607+00:00,2026-01-08 15:34:43,Huda City Centre,28.4595,77.0722,FRC4,8,8,63,63,0,1.0,1
2026-01-08T10:04:43.863607+00:00,2026-01-08 15:34:43,Sector 56,28.4244,77.107,FRC2,39,44,1737,1539,198,0.8863636363636364,1
2026-01-08T10:04:43.863607+00:00,2026-01-08 15:34:43,Manesar Rd,28.354,76.944,FRC4,13,16,526,427,99,0.8125,0.767873
2026-01-08T10:14:52.335751+00:00,2026-01-08 15:44:52,IFFCO Chowk,28.4726,77.0726,FRC3,33,33,1101,1101,0,1.0,1
2026-01-08T10:14:52.335751+00:00,2026-01-08 15:44:52,MG Road,28.4795,77.0806,FRC2,30,37,2232,1810,422,0.8108108108108109,1
2026-01-08T10:14:52.335751+00:00,2026-01-08 15:44:52,Cyber Hub,28.4947,77.0897,FRC4,39,51,275,210,65,0.7647058823529411,1
2026-01-08T10:14:52.335751+00:00,2026-01-08 15:44:52,Golf Course Rd,28.4503,77.0972,FRC4,29,33,1182,1038,144,0.8787878787878788,0.998271
2026-01-08T10:14:52.335751+00:00,2026-01-08 15:44:52,Sohna Road,28.4073,77.046,FRC4,44,50,1874,1649,225,0.88,0.997158
2026-01-08T10:14:52.335751+00:00,2026-01-08 15:44:52,NH-48 (Ambience),28.5052,77.097,FRC1,58,58,1254,1254,0,1.0,1
2026-01-08T10:14:52.335751+00:00,2026-01-08 15:44:52,Rajiv Chowk,28.4691,77.0366,FRC4,19,29,2210,1448,762,0.6551724137931034,0.995715
2026-01-08T10:14:52.335751+00:00,2026-01-08 15:44:52,Huda City Centre,28.4595,77.0722,FRC4,3,7,168,72,96,0.42857142857142855,0.98
2026-01-08T10:14:52.335751+00:00,2026-01-08 15:44:52,Sector 56,28.4244,77.107,FRC2,36,44,1881,1539,342,0.8181818181818182,1
2026-01-08T10:14:52.335751+00:00,2026-01-08 15:44:52,Manesar Rd,28.354,76.944,FRC4,12,16,570,427,143,0.75,0.690926
2026-01-08T10:25:01.182299+00:00,2026-01-08 15:55:01,IFFCO Chowk,28.4726,77.0726,FRC3,33,33,1101,1101,0,1.0,1
2026-01-08T10:25:01.182299+00:00,2026-01-08 15:55:01,MG Road,28.4795,77.0806,FRC2,30,37,2232,1810,422,0.8108108108108109,1
2026-01-08T10:25:01.182299+00:00,2026-01-08 15:55:01,Cyber Hub,28.4947,77.0897,FRC4,37,52,290,206,84,0.7115384615384616,1
2026-01-08T10:25:01.182299+00:00,2026-01-08 15:55:01,Golf Course Rd,28.4503,77.0972,FRC4,27,33,1269,1038,231,0.8181818181818182,1
2026-01-08T10:25:01.182299+00:00,2026-01-08 15:55:01,Sohna Road,28.4073,77.046,FRC4,45,49,1832,1683,149,0.9183673469387755,0.997557
2026-01-08T10:25:01.182299+00:00,2026-01-08 15:55:01,NH-48 (Ambience),28.5052,77.097,FRC1,49,58,1485,1254,231,0.8448275862068966,1
2026-01-08T10:25:01.182299+00:00,2026-01-08 15:55:01,Rajiv Chowk,28.4691,77.0366,FRC4,20,29,2100,1448,652,0.6896551724137931,0.993769
2026-01-08T10:25:01.182299+00:00,2026-01-08 15:55:01,Huda City Centre,28.4595,77.0722,FRC4,8,8,63,63,0,1.0,1
2026-01-08T10:25:01.182299+00:00,2026-01-08 15:55:01,Sector 56,28.4244,77.107,FRC2,36,44,1881,1539,342,0.8181818181818182,1
2026-01-08T10:25:01.182299+00:00,2026-01-08 15:55:01,Manesar Rd,28.354,76.944,FRC4,13,17,526,402,124,0.7647058823529411,0.586403
2026-01-08T10:35:11.135478+00:00,2026-01-08 16:05:11,IFFCO Chowk,28.4726,77.0726,FRC3,27,34,1345,1068,277,0.7941176470588235,1
2026-01-08T10:35:11.135478+00:00,2026-01-08 16:05:11,MG Road,28.4795,77.0806,FRC2,31,37,2160,1810,350,0.8378378378378378,1
2026-01-08T10:35:11.135478+00:00,2026-01-08 16:05:11,Cyber Hub,28.4947,77.0897,FRC4,42,52,255,206,49,0.8076923076923077,1
2026-01-08T10:35:11.135478+00:00,2026-01-08 16:05:11,Golf Course Rd,28.4503,77.0972,FRC4,27,33,1269,1038,231,0.8181818181818182,1
2026-01-08T10:35:11.135478+00:00,2026-01-08 16:05:11,Sohna Road,28.4073,77.046,FRC4,46,50,1793,1649,144,0.92,0.997932
2026-01-08T10:35:11.135478+00:00,2026-01-08 16:05:11,NH-48 (Ambience),28.5052,77.097,FRC1,48,57,1515,1276,239,0.8421052631578947,1
2026-01-08T10:35:11.135478+00:00,2026-01-08 16:05:11,Rajiv Chowk,28.4691,77.0366,FRC4,18,28,2333,1500,833,0.6428571428571429,0.995903
2026-01-08T10:35:11.135478+00:00,2026-01-08 16:05:11,Huda City Centre,28.4595,77.0722,FRC4,8,8,63,63,0,1.0,1
2026-01-08T10:35:11.135478+00:00,2026-01-08 16:05:11,Sector 56,28.4244,77.107,FRC2,35,44,1935,1539,396,0.7954545454545454,1
2026-01-08T10:35:11.135478+00:00,2026-01-08 16:05:11,Manesar Rd,28.354,76.944,FRC4,14,16,488,427,61,0.875,0.582806
2026-01-08T10:45:19.847603+00:00,2026-01-08 16:15:19,IFFCO Chowk,28.4726,77.0726,FRC3,28,34,1297,1068,229,0.8235294117647058,1
2026-01-08T10:45:19.847603+00:00,2026-01-08 16:15:19,MG Road,28.4795,77.0806,FRC2,31,37,2160,1810,350,0.8378378378378378,1
2026-01-08T10:45:19.847603+00:00,2026-01-08 16:15:19,Cyber Hub,28.4947,77.0897,FRC4,41,52,261,206,55,0.7884615384615384,1
2026-01-08T10:45:19.847603+00:00,2026-01-08 16:15:19,Golf Course Rd,28.4503,77.0972,FRC4,28,33,1224,1038,186,0.8484848484848485,1
2026-01-08T10:45:19.847603+00:00,2026-01-08 16:15:19,Sohna Road,28.4073,77.046,FRC4,45,50,1832,1649,183,0.9,0.996734
2026-01-08T10:45:19.847603+00:00,2026-01-08 16:15:19,NH-48 (Ambience),28.5052,77.097,FRC1,47,58,1548,1254,294,0.8103448275862069,1
2026-01-08T10:45:19.847603+00:00,2026-01-08 16:15:19,Rajiv Chowk,28.4691,77.0366,FRC4,19,29,2210,1448,762,0.6551724137931034,0.997892
2026-01-08T10:45:19.847603+00:00,2026-01-08 16:15:19,Huda City Centre,28.4595,77.0722,FRC4,8,8,63,63,0,1.0,1
2026-01-08T10:45:19.847603+00:00,2026-01-08 16:15:19,Sector 56,28.4244,77.107,FRC2,35,44,1935,1539,396,0.7954545454545454,1
2026-01-08T10:45:19.847603+00:00,2026-01-08 16:15:19,Manesar Rd,28.354,76.944,FRC4,14,16,488,427,61,0.875,0.596597
2026-01-08T10:55:29.712033+00:00,2026-01-08 16:25:29,IFFCO Chowk,28.4726,77.0726,FRC3,27,35,1345,1038,307,0.7714285714285715,1
2026-01-08T10:55:29.712033+00:00,2026-01-08 16:25:29,MG Road,28.4795,77.0806,FRC2,29,37,2309,1810,499,0.7837837837837838,1
2026-01-08T10:55:29.712033+00:00,2026-01-08 16:25:29,Cyber Hub,28.4947,77.0897,FRC4,38,51,282,210,72,0.7450980392156863,1
2026-01-08T10:55:29.712033+00:00,2026-01-08 16:25:29,Golf Course Rd,28.4503,77.0972,FRC4,27,33,1269,1038,231,0.8181818181818182,1
2026-01-08T10:55:29.712033+00:00,2026-01-08 16:25:29,Sohna Road,28.4073,77.046,FRC4,44,50,1874,1649,225,0.88,0.99686
2026-01-08T10:55:29.712033+00:00,2026-01-08 16:25:29,NH-48 (Ambience),28.5052,77.097,FRC1,47,58,1548,1254,294,0.8103448275862069,1
2026-01-08T10:55:29.712033+00:00,2026-01-08 16:25:29,Rajiv Chowk,28.4691,77.0366,FRC4,20,29,2100,1448,652,0.6896551724137931,0.997092
2026-01-08T10:55:29.712033+00:00,2026-01-08 16:25:29,Huda City Centre,28.4595,77.0722,FRC4,8,8,63,63,0,1.0,1
2026-01-08T10:55:29.712033+00:00,2026-01-08 16:25:29,Sector 56,28.4244,77.107,FRC2,36,44,1881,1539,342,0.8181818181818182,1
2026-01-08T10:55:29.712033+00:00,2026-01-08 16:25:29,Manesar Rd,28.354,76.944,FRC4,14,17,488,402,86,0.8235294117647058,0.61933
2026-01-08T11:05:38.385254+00:00,2026-01-08 16:35:38,IFFCO Chowk,28.4726,77.0726,FRC3,29,34,1253,1068,185,0.8529411764705882,1
2026-01-08T11:05:38.385254+00:00,2026-01-08 16:35:38,MG Road,28.4795,77.0806,FRC2,30,37,2232,1810,422,0.8108108108108109,1
2026-01-08T11:05:38.385254+00:00,2026-01-08 16:35:38,Cyber Hub,28.4947,77.0897,FRC4,38,51,282,210,72,0.7450980392156863,1
2026-01-08T11:05:38.385254+00:00,2026-01-08 16:35:38,Golf Course Rd,28.4503,77.0972,FRC4,27,33,1269,1038,231,0.8181818181818182,1
2026-01-08T11:05:38.385254+00:00,2026-01-08 16:35:38,Sohna Road,28.4073,77.046,FRC4,46,50,1793,1649,144,0.92,0.998719
2026-01-08T11:05:38.385254+00:00,2026-01-08 16:35:38,NH-48 (Ambience),28.5052,77.097,FRC1,46,57,1581,1276,305,0.8070175438596491,1
2026-01-08T11:05:38.385254+00:00,2026-01-08 16:35:38,Rajiv Chowk,28.4691,77.0366,FRC4,21,29,2000,1448,552,0.7241379310344828,0.994567
2026-01-08T11:05:38.385254+00:00,2026-01-08 16:35:38,Huda City Centre,28.4595,77.0722,FRC4,8,8,63,63,0,1.0,1
2026-01-08T11:05:38.385254+00:00,2026-01-08 16:35:38,Sector 56,28.4244,77.107,FRC2,34,43,1992,1575,417,0.7906976744186046,1
2026-01-08T11:05:38.385254+00:00,2026-01-08 16:35:38,Manesar Rd,28.354,76.944,FRC4,14,16,488,427,61,0.875,0.57081
2026-01-08T11:15:52.898367+00:00,2026-01-08 16:45:52,IFFCO Chowk,28.4726,77.0726,FRC3,29,34,1253,1068,185,0.8529411764705882,1
2026-01-08T11:15:52.898367+00:00,2026-01-08 16:45:52,MG Road,28.4795,77.0806,FRC2,27,37,2481,1810,671,0.7297297297297297,1
2026-01-08T11:15:52.898367+00:00,2026-01-08 16:45:52,Cyber Hub,28.4947,77.0897,FRC4,33,52,325,206,119,0.6346153846153846,1
2026-01-08T11:15:52.898367+00:00,2026-01-08 16:45:52,Golf Course Rd,28.4503,77.0972,FRC4,27,33,1269,1038,231,0.8181818181818182,1
2026-01-08T11:15:52.898367+00:00,2026-01-08 16:45:52,Sohna Road,28.4073,77.046,FRC4,46,50,1793,1649,144,0.92,0.998595
2026-01-08T11:15:52.898367+00:00,2026-01-08 16:45:52,NH-48 (Ambience),28.5052,77.097,FRC1,47,57,1548,1276,272,0.8245614035087719,1
2026-01-08T11:15:52.898367+00:00,2026-01-08 16:45:52,Rajiv Chowk,28.4691,77.0366,FRC4,21,29,2000,1448,552,0.7241379310344828,0.997348
2026-01-08T11:15:52.898367+00:00,2026-01-08 16:45:52,Huda City Centre,28.4595,77.0722,FRC4,6,8,84,63,21,0.75,0.97
2026-01-08T11:15:52.898367+00:00,2026-01-08 16:45:52,Sector 56,28.4244,77.107,FRC2,35,44,1935,1539,396,0.7954545454545454,1
2026-01-08T11:15:52.898367+00:00,2026-01-08 16:45:52,Manesar Rd,28.354,76.944,FRC4,13,17,526,402,124,0.7647058823529411,0.580344
2026-01-08T11:26:01.204443+00:00,2026-01-08 16:56:01,IFFCO Chowk,28.4726,77.0726,FRC3,30,34,1211,1068,143,0.8823529411764706,1
2026-01-08T11:26:01.204443+00:00,2026-01-08 16:56:01,MG Road,28.4795,77.0806,FRC2,27,37,2481,1810,671,0.7297297297297297,1
2026-01-08T11:26:01.204443+00:00,2026-01-08 16:56:01,Cyber Hub,28.4947,77.0897,FRC4,33,52,325,206,119,0.6346153846153846,1
2026-01-08T11:26:01.204443+00:00,2026-01-08 16:56:01,Golf Course Rd,28.4503,77.0972,FRC4,25,33,1371,1038,333,0.7575757575757576,0.998221
2026-01-08T11:26:01.204443+00:00,2026-01-08 16:56:01,Sohna Road,28.4073,77.046,FRC4,45,50,1832,1649,183,0.9,0.996762
2026-01-08T11:26:01.204443+00:00,2026-01-08 16:56:01,NH-48 (Ambience),28.5052,77.097,FRC1,45,57,1617,1276,341,0.7894736842105263,1
2026-01-08T11:26:01.204443+00:00,2026-01-08 16:56:01,Rajiv Chowk,28.4691,77.0366,FRC4,20,29,2100,1448,652,0.6896551724137931,0.997789
2026-01-08T11:26:01.204443+00:00,2026-01-08 16:56:01,Huda City Centre,28.4595,77.0722,FRC4,4,7,126,72,54,0.5714285714285714,0.96
2026-01-08T11:26:01.204443+00:00,2026-01-08 16:56:01,Sector 56,28.4244,77.107,FRC2,34,44,1992,1539,453,0.7727272727272727,1
2026-01-08T11:26:01.204443+00:00,2026-01-08 16:56:01,Manesar Rd,28.354,76.944,FRC4,17,17,402,402,0,1.0,1
2026-01-08T11:36:09.547241+00:00,2026-01-08 17:06:09,IFFCO Chowk,28.4726,77.0726,FRC3,28,34,1297,1068,229,0.8235294117647058,1
2026-01-08T11:36:09.547241+00:00,2026-01-08 17:06:09,MG Road,28.4795,77.0806,FRC2,27,38,2481,1762,719,0.7105263157894737,1
2026-01-08T11:36:09.547241+00:00,2026-01-08 17:06:09,Cyber Hub,28.4947,77.0897,FRC4,37,52,290,206,84,0.7115384615384616,1
2026-01-08T11:36:09.547241+00:00,2026-01-08 17:06:09,Golf Course Rd,28.4503,77.0972,FRC4,25,33,1371,1038,333,0.7575757575757576,0.99807
2026-01-08T11:36:09.547241+00:00,2026-01-08 17:06:09,Sohna Road,28.4073,77.046,FRC4,45,50,1832,1649,183,0.9,0.98911
2026-01-08T11:36:09.547241+00:00,2026-01-08 17:06:09,NH-48 (Ambience),28.5052,77.097,FRC1,47,57,1548,1276,272,0.8245614035087719,1
2026-01-08T11:36:09.547241+00:00,2026-01-08 17:06:09,Rajiv Chowk,28.4691,77.0366,FRC4,22,29,1909,1448,461,0.7586206896551724,0.997086
2026-01-08T11:36:09.547241+00:00,2026-01-08 17:06:09,Huda City Centre,28.4595,77.0722,FRC4,8,8,63,63,0,1.0,1
2026-01-08T11:36:09.547241+00:00,2026-01-08 17:06:09,Sector 56,28.4244,77.107,FRC2,33,43,2052,1575,477,0.7674418604651163,1
2026-01-08T11:36:09.547241+00:00,2026-01-08 17:06:09,Manesar Rd,28.354,76.944,FRC4,17,17,402,402,0,1.0,1
2026-01-08T11:46:17.749841+00:00,2026-01-08 17:16:17,IFFCO Chowk,28.4726,77.0726,FRC3,26,34,1397,1068,329,0.7647058823529411,1
2026-01-08T11:46:17.749841+00:00,2026-01-08 17:16:17,MG Road,28.4795,77.0806,FRC2,26,37,2576,1810,766,0.7027027027027027,1
2026-01-08T11:46:17.749841+00:00,2026-01-08 17:16:17,Cyber Hub,28.4947,77.0897,FRC4,39,51,275,210,65,0.7647058823529411,1
2026-01-08T11:46:17.749841+00:00,2026-01-08 17:16:17,Golf Course Rd,28.4503,77.0972,FRC4,24,33,1428,1038,390,0.7272727272727273,0.996541
2026-01-08T11:46:17.749841+00:00,2026-01-08 17:16:17,Sohna Road,28.4073,77.046,FRC4,44,50,1874,1649,225,0.88,0.997401
2026-01-08T11:46:17.749841+00:00,2026-01-08 17:16:17,NH-48 (Ambience),28.5052,77.097,FRC1,45,57,1617,1276,341,0.7894736842105263,1
2026-01-08T11:46:17.749841+00:00,2026-01-08 17:16:17,Rajiv Chowk,28.4691,77.0366,FRC4,19,29,2210,1448,762,0.6551724137931034,0.993462
2026-01-08T11:46:17.749841+00:00,2026-01-08 17:16:17,Huda City Centre,28.4595,77.0722,FRC4,8,8,63,63,0,1.0,1
2026-01-08T11:46:17.749841+00:00,2026-01-08 17:16:17,Sector 56,28.4244,77.107,FRC2,33,43,2052,1575,477,0.7674418604651163,1
2026-01-08T11:46:17.749841+00:00,2026-01-08 17:16:17,Manesar Rd,28.354,76.944,FRC4,12,17,570,402,168,0.7058823529411765,0.628427
2026-01-08T11:56:25.883665+00:00,2026-01-08 17:26:25,IFFCO Chowk,28.4726,77.0726,FRC3,28,34,1297,1068,229,0.8235294117647058,1
2026-01-08T11:56:25.883665+00:00,2026-01-08 17:26:25,MG Road,28.4795,77.0806,FRC2,27,37,2481,1810,671,0.7297297297297297,1
2026-01-08T11:56:25.883665+00:00,2026-01-08 17:26:25,Cyber Hub,28.4947,77.0897,FRC4,37,52,290,206,84,0.7115384615384616,1
2026-01-08T11:56:25.883665+00:00,2026-01-08 17:26:25,Golf Course Rd,28.4503,77.0972,FRC4,26,33,1318,1038,280,0.7878787878787878,0.998271
2026-01-08T11:56:25.883665+00:00,2026-01-08 17:26:25,Sohna Road,28.4073,77.046,FRC4,44,50,1874,1649,225,0.88,0.996582
2026-01-08T11:56:25.883665+00:00,2026-01-08 17:26:25,NH-48 (Ambience),28.5052,77.097,FRC1,45,58,1617,1254,363,0.7758620689655172,1
2026-01-08T11:56:25.883665+00:00,2026-01-08 17:26:25,Rajiv Chowk,28.4691,77.0366,FRC4,19,29,2210,1448,762,0.6551724137931034,0.995521
2026-01-08T11:56:25.883665+00:00,2026-01-08 17:26:25,Huda City Centre,28.4595,77.0722,FRC4,3,7,168,72,96,0.42857142857142855,0.98
2026-01-08T11:56:25.883665+00:00,2026-01-08 17:26:25,Sector 56,28.4244,77.107,FRC2,33,43,2052,1575,477,0.7674418604651163,1
2026-01-08T11:56:25.883665+00:00,2026-01-08 17:26:25,Manesar Rd,28.354,76.944,FRC4,13,17,526,402,124,0.7647058823529411,0.618537
2026-01-08T12:06:33.834435+00:00,2026-01-08 17:36:33,IFFCO Chowk,28.4726,77.0726,FRC3,28,34,1297,1068,229,0.8235294117647058,1
2026-01-08T12:06:33.834435+00:00,2026-01-08 17:36:33,MG Road,28.4795,77.0806,FRC2,27,37,2481,1810,671,0.7297297297297297,1
2026-01-08T12:06:33.834435+00:00,2026-01-08 17:36:33,Cyber Hub,28.4947,77.0897,FRC4,34,52,315,206,109,0.6538461538461539,1
2026-01-08T12:06:33.834435+00:00,2026-01-08 17:36:33,Golf Course Rd,28.4503,77.0972,FRC4,25,32,1371,1071,300,0.78125,0.998156
2026-01-08T12:06:33.834435+00:00,2026-01-08 17:36:33,Sohna Road,28.4073,77.046,FRC4,42,49,1963,1683,280,0.8571428571428571,0.999047
2026-01-08T12:06:33.834435+00:00,2026-01-08 17:36:33,NH-48 (Ambience),28.5052,77.097,FRC1,45,57,1617,1276,341,0.7894736842105263,1
2026-01-08T12:06:33.834435+00:00,2026-01-08 17:36:33,Rajiv Chowk,28.4691,77.0366,FRC4,20,29,2100,1448,652,0.6896551724137931,0.995214
2026-01-08T12:06:33.834435+00:00,2026-01-08 17:36:33,Huda City Centre,28.4595,77.0722,FRC4,6,8,84,63,21,0.75,0.97
2026-01-08T12:06:33.834435+00:00,2026-01-08 17:36:33,Sector 56,28.4244,77.107,FRC2,33,44,2052,1539,513,0.75,1
2026-01-08T12:06:33.834435+00:00,2026-01-08 17:36:33,Manesar Rd,28.354,76.944,FRC4,12,16,570,427,143,0.75,0.614275
2026-01-08T12:16:42.805782+00:00,2026-01-08 17:46:42,IFFCO Chowk,28.4726,77.0726,FRC3,28,34,1297,1068,229,0.8235294117647058,1
2026-01-08T12:16:42.805782+00:00,2026-01-08 17:46:42,MG Road,28.4795,77.0806,FRC2,26,37,2576,1810,766,0.7027027027027027,1
2026-01-08T12:16:42.805782+00:00,2026-01-08 17:46:42,Cyber Hub,28.4947,77.0897,FRC4,34,51,315,210,105,0.6666666666666666,1
2026-01-08T12:16:42.805782+00:00,2026-01-08 17:46:42,Golf Course Rd,28.4503,77.0972,FRC4,23,32,1490,1071,419,0.71875,1
2026-01-08T12:16:42.805782+00:00,2026-01-08 17:46:42,Sohna Road,28.4073,77.046,FRC4,41,50,2011,1649,362,0.82,0.999303
2026-01-08T12:16:42.805782+00:00,2026-01-08 17:46:42,NH-48 (Ambience),28.5052,77.097,FRC1,40,58,1819,1254,565,0.6896551724137931,1
2026-01-08T12:16:42.805782+00:00,2026-01-08 17:46:42,Rajiv Chowk,28.4691,77.0366,FRC4,19,29,2210,1448,762,0.6551724137931034,0.984342
2026-01-08T12:16:42.805782+00:00,2026-01-08 17:46:42,Huda City Centre,28.4595,77.0722,FRC4,5,8,100,63,37,0.625,0.98
2026-01-08T12:16:42.805782+00:00,2026-01-08 17:46:42,Sector 56,28.4244,77.107,FRC2,33,43,2052,1575,477,0.7674418604651163,1
2026-01-08T12:16:42.805782+00:00,2026-01-08 17:46:42,Manesar Rd,28.354,76.944,FRC4,17,17,402,402,0,1.0,1
2026-01-08T12:26:51.417191+00:00,2026-01-08 17:56:51,IFFCO Chowk,28.4726,77.0726,FRC3,25,35,1453,1038,415,0.7142857142857143,1
2026-01-08T12:26:51.417191+00:00,2026-01-08 17:56:51,MG Road,28.4795,77.0806,FRC2,27,37,2481,1810,671,0.7297297297297297,1
2026-01-08T12:26:51.417191+00:00,2026-01-08 17:56:51,Cyber Hub,28.4947,77.0897,FRC4,31,53,346,202,144,0.5849056603773585,1
2026-01-08T12:26:51.417191+00:00,2026-01-08 17:56:51,Golf Course Rd,28.4503,77.0972,FRC4,24,33,1428,1038,390,0.7272727272727273,0.998156
2026-01-08T12:26:51.417191+00:00,2026-01-08 17:56:51,Sohna Road,28.4073,77.046,FRC4,41,50,2011,1649,362,0.82,0.999118
2026-01-08T12:26:51.417191+00:00,2026-01-08 17:56:51,NH-48 (Ambience),28.5052,77.097,FRC1,42,57,1732,1276,456,0.7368421052631579,1
2026-01-08T12:26:51.417191+00:00,2026-01-08 17:56:51,Rajiv Chowk,28.4691,77.0366,FRC4,18,29,2333,1448,885,0.6206896551724138,0.993984
2026-01-08T12:26:51.417191+00:00,2026-01-08 17:56:51,Huda City Centre,28.4595,77.0722,FRC4,6,8,84,63,21,0.75,0.98
2026-01-08T12:26:51.417191+00:00,2026-01-08 17:56:51,Sector 56,28.4244,77.107,FRC2,29,44,2336,1539,797,0.6590909090909091,1
2026-01-08T12:26:51.417191+00:00,2026-01-08 17:56:51,Manesar Rd,28.354,76.944,FRC4,13,17,526,402,124,0.7647058823529411,0.656106
2026-01-08T12:37:00.019677+00:00,2026-01-08 18:07:00,IFFCO Chowk,28.4726,77.0726,FRC3,27,34,1345,1068,277,0.7941176470588235,1
2026-01-08T12:37:00.019677+00:00,2026-01-08 18:07:00,MG Road,28.4795,77.0806,FRC2,28,37,2392,1810,582,0.7567567567567568,1
2026-01-08T12:37:00.019677+00:00,2026-01-08 18:07:00,Cyber Hub,28.4947,77.0897,FRC4,39,52,275,206,69,0.75,1
2026-01-08T12:37:00.019677+00:00,2026-01-08 18:07:00,Golf Course Rd,28.4503,77.0972,FRC4,24,33,1428,1038,390,0.7272727272727273,1
2026-01-08T12:37:00.019677+00:00,2026-01-08 18:07:00,Sohna Road,28.4073,77.046,FRC4,40,50,2062,1649,413,0.8,0.998702
2026-01-08T12:37:00.019677+00:00,2026-01-08 18:07:00,NH-48 (Ambience),28.5052,77.097,FRC1,42,57,1732,1276,456,0.7368421052631579,1
2026-01-08T12:37:00.019677+00:00,2026-01-08 18:07:00,Rajiv Chowk,28.4691,77.0366,FRC4,18,29,2333,1448,885,0.6206896551724138,0.987806
2026-01-08T12:37:00.019677+00:00,2026-01-08 18:07:00,Huda City Centre,28.4595,77.0722,FRC4,5,8,100,63,37,0.625,0.97
2026-01-08T12:37:00.019677+00:00,2026-01-08 18:07:00,Sector 56,28.4244,77.107,FRC2,30,44,2258,1539,719,0.6818181818181818,1
2026-01-08T12:37:00.019677+00:00,2026-01-08 18:07:00,Manesar Rd,28.354,76.944,FRC4,13,16,526,427,99,0.8125,0.661389
2026-01-08T12:47:09.828164+00:00,2026-01-08 18:17:09,IFFCO Chowk,28.4726,77.0726,FRC3,26,35,1397,1038,359,0.7428571428571429,1
2026-01-08T12:47:09.828164+00:00,2026-01-08 18:17:09,MG Road,28.4795,77.0806,FRC2,27,37,2481,1810,671,0.7297297297297297,1
2026-01-08T12:47:09.828164+00:00,2026-01-08 18:17:09,Cyber Hub,28.4947,77.0897,FRC4,32,51,335,210,125,0.6274509803921569,1
2026-01-08T12:47:09.828164+00:00,2026-01-08 18:17:09,Golf Course Rd,28.4503,77.0972,FRC4,24,33,1428,1038,390,0.7272727272727273,1
2026-01-08T12:47:09.828164+00:00,2026-01-08 18:17:09,Sohna Road,28.4073,77.046,FRC4,40,50,2062,1649,413,0.8,0.998623
2026-01-08T12:47:09.828164+00:00,2026-01-08 18:17:09,NH-48 (Ambience),28.5052,77.097,FRC1,40,57,1819,1276,543,0.7017543859649122,1
2026-01-08T12:47:09.828164+00:00,2026-01-08 18:17:09,Rajiv Chowk,28.4691,77.0366,FRC4,18,29,2333,1448,885,0.6206896551724138,0.986579
2026-01-08T12:47:09.828164+00:00,2026-01-08 18:17:09,Huda City Centre,28.4595,77.0722,FRC4,5,7,100,72,28,0.7142857142857143,0.96
2026-01-08T12:47:09.828164+00:00,2026-01-08 18:17:09,Sector 56,28.4244,77.107,FRC2,30,44,2258,1539,719,0.6818181818181818,1
2026-01-08T12:47:09.828164+00:00,2026-01-08 18:17:09,Manesar Rd,28.354,76.944,FRC4,13,17,526,402,124,0.7647058823529411,0.665996
